{"cameraMode":{"drawMode":0,"name":"Shaded","section":"Shading Mode"},"sceneLighting":false,"audioPlay":false,"sceneViewState":{"showFog":true,"showMaterialUpdate":true,"showSkybox":false,"showFlares":true,"showImageEffects":true,"showParticleSystems":true},"in2DMode":false,"pivot":{"x":11.88055419921875,"y":2.709197998046875,"z":0.9931640625},"rotation":{"x":0.0403657965362072,"y":-0.07785677909851074,"z":0.003155055921524763,"w":0.996142566204071},"size":3.0689992904663088,"orthographic":true}